LinkID;geo
20939;c(10.933446, 44.654193),c(10.934368, 44.655104),c(10.934525, 44.655202),c(10.934583, 44.655172), c(10.934733,44.655175), c(10.934822,44.655238),c(10.934843,44.655266),c(10.936375,44.655274),c(10.937449,44.655166)))
20939;c(10.934512, 44.655365),c(10.934222, 44.655703),c(10.933978, 44.655915),c(10.930990, 44.657819),c(10.930739, 44.658001)))
