LinkID,link_speed_av,NOx,HC,CO,PM,PN,NO,veh_group
20939,-0.16384829332431158,1.496782734232237,0.08207709807762627,0.3120638650136035,0.023109000256120667,8892813063742.947,1.3747039018412082,bus
20940,-0.31341890352112906,1.552219131796394,0.08511699059901984,0.3236217859400332,0.023964889154495506,9222176510548.242,1.4256188611686602,bus
20939,-0.2588484092005368,0.6331131665093606,0.05593641658810902,0.1399742085927506,0.02108991435664278,6278299379580.159,0.5783327195773225,hdv
20940,-0.27626034566040697,0.6331131665093606,0.05593641658810902,0.1399742085927506,0.02108991435664278,6278299379580.159,0.5783327195773225,hdv
20939,0.012949827039200402,0.34872921113174205,0.3359833106503052,1.9956233155858436,0.007283123792249143,7251807838343.141,0.15746011721139355,car
20940,0.12269980183432094,0.3538436617964247,0.33549138999371947,1.9939361474188309,0.0074491911858274975,7468033899149.027,0.16011347451582134,car
