LinkID,link_speed_av,NOx,HC,CO,PM,PN,NO,veh_group
20939,-0.22737468522170495,0.8038277646802755,0.0440784415602067,0.1675898534332315,0.012410389026435173,4775769978676.769,0.7382669102480562,bus
20940,-0.2531288623809815,0.8315459634623539,0.04559838782090349,0.17336881389644637,0.012838333475622594,4940451702079.416,0.7637243899117823,bus
20939,-0.3604275584220886,0.34930381600516447,0.030861471221025668,0.07722714956841412,0.011635814817458085,3463889312871.812,0.31908012114610895,hdv
20940,-0.23529411764705885,0.37113530450548726,0.03279031317233977,0.08205384641644,0.012363053243549216,3680382394926.3003,0.33902262871774075,hdv
20939,0.10145629878367078,0.16946585842106987,0.1668687175520323,0.9903616221059808,0.0034985101139174625,3448776705112.077,0.07629112814034841,car
20940,0.11516618856650947,0.17078158009431707,0.16593091786588085,0.9852831496767847,0.0035504887852871782,3521487710711.4707,0.07702486151482794,car
