LinkID,link_speed_av,NOx,HC,CO,PM,PN,NO,veh_group
20939,-0.17153009958565235,1.7739647220530217,0.0972765606845941,0.3698534696457523,0.027388444747994865,10539630297769.42,1.6292786984784688,bus
20940,-0.27911121307900455,1.8294011196171787,0.10031645320598767,0.38141139057218204,0.028244333646369704,10868993744574.715,1.680193657805921,bus
20939,-0.30666464086501827,0.6767761435100061,0.05979410049073723,0.14962760228880234,0.02254439120882504,6711285543689.136,0.618217734720586,hdv
20940,-0.2261790330371549,0.6767761435100061,0.05979410049073723,0.14962760228880234,0.02254439120882504,6711285543689.136,0.618217734720586,hdv
20939,-0.059494039671201454,0.4321836327731706,0.41407859956814924,2.4599850219513186,0.009052124337251359,9035419690155.592,0.19528772108360287,car
20940,0.07322165359717617,0.4379550969611253,0.4131176905519166,2.4557575626198718,0.00924416853837451,9287990534802.299,0.19830750407540085,car
