LinkID,link_speed_av,NOx,HC,CO,PM,PN,NO,veh_group
20939,-0.17056201683001573,2.4669196916049834,0.13527521720201366,0.5143274812261243,0.03808705597768036,14656673382835.6,2.265715690071621,bus
20940,-0.22815972451980296,2.5223560891691403,0.13831510972340724,0.525885402152554,0.0389429448760552,14986036829640.895,2.3166306493990727,bus
20939,-0.3001886819090162,0.7641020975112973,0.06750946829599365,0.16893438968090588,0.02545334491318956,7577257871907.089,0.6979877650071133,hdv
20940,-0.2289014292614801,0.7641020975112973,0.06750946829599365,0.16893438968090588,0.02545334491318956,7577257871907.089,0.6979877650071133,hdv
20939,-0.027457659736480042,0.663170294006577,0.6455410943731581,3.832724612830328,0.013779975171056936,13660048845358.195,0.29901673087671293,car
20940,0.05508895548200774,0.6676868580060933,0.6444327439667803,3.827380841140229,0.01393415750973209,13864924830756.379,0.3014025427992988,car
