LinkID,link_speed_av,NOx,HC,CO,PM,PN,NO,veh_group
20939,-0.12660465195775034,2.7718198782078463,0.15199462606967828,0.5778960463214879,0.04279444491874198,16468172340264.719,2.5457479663726077,bus
20940,-0.21675894520070293,2.7995380769899247,0.15351457233037508,0.5836750067847029,0.043222389367929395,16632854063667.365,2.5712054460363336,bus
20939,-0.2289014292614801,0.7641020975112973,0.06750946829599365,0.16893438968090588,0.02545334491318956,7577257871907.089,0.6979877650071133,hdv
20940,-0.3001886819090162,0.7641020975112973,0.06750946829599365,0.16893438968090588,0.02545334491318956,7577257871907.089,0.6979877650071133,hdv
20939,-0.0013810911564905257,0.8112282921264837,0.7924136552448959,4.704134029979625,0.016825904295502955,16653197605996.797,0.3656004173723073,car
20940,0.02359467046718825,0.8181657130940759,0.7926824908725353,4.707182654515293,0.017041277747188964,16928091406434.037,0.3691397725537654,car
