VehID,LinkID,Time,Vehicle_type,Av_link_speed,acc,dec_coast,avg_VSP,norm_VSP,NOx,HC,CO,PM,PN,NO,veh_group,link_speed_av
NA,20939,NA,NA,NA,NA,NA,NA,NA,3.503013738293245,3.503013738293245,3.503013738293245,3.503013738293245,23004897737302.105,3.503013738293245,car,50
NA,20940,NA,NA,NA,NA,NA,NA,NA,10.897667551291068,10.897667551291068,10.897667551291068,10.897667551291068,10008173033750.764,10.897667551291068,car,50
NA,20941,NA,NA,NA,NA,NA,NA,NA,13.8163581849253846,13.12328167030001985,13.8412917150029932,13.008985363987048536,10077674235374.033,13.19309775261993653,car,50
NA,20942,NA,NA,NA,NA,NA,NA,NA,18.2300834572168906,18.27972185881866574,18.9088618912826536,18.020387481046475645,22865895334055.566,18.43813214215144214,car,50
NA,20943,NA,NA,NA,NA,NA,NA,NA,20.8163581849253846,20.12243145188415765,16.8354897031753863,20.008923395959551649,10008173033750.764,20.19176604398117833,car,50
NA,20944,NA,NA,NA,NA,NA,NA,NA,23.8163581849253846,23.12243145188415765,23.8354897031753863,23.008923395959551649,10008173033750.764,23.19176604398117833,car,50
