LinkID,link_speed_av,NOx,HC,CO,PM,PN,NO,veh_group
20939,-0.17949391769457468,2.1897377037841985,0.12007575459504584,0.4565378765939755,0.03380761148580616,13009856148809.127,2.01114089343436,bus
20940,-0.25632759174447,2.2451741013483555,0.12311564711643941,0.4680957975204052,0.034663500384181,13339219595614.422,2.0620558527618122,bus
20939,-0.32833137083798647,0.6986076320103289,0.061722942442051336,0.15445429913682823,0.02327162963491617,6927778625743.624,0.6381602422922179,hdv
20940,-0.21911093825474384,0.6986076320103289,0.061722942442051336,0.15445429913682823,0.02327162963491617,6927778625743.624,0.6381602422922179,hdv
20939,-0.022571526408888095,0.5868223565433909,0.5655491127967601,3.3590810021273123,0.012255282838107456,12201962977637.19,0.264952687536003,car
20940,0.07086219871005507,0.5913389205429072,0.5644407623903823,3.3537372304372135,0.01240946517678261,12406838963035.373,0.2673384994585889,car
