LinkID,link_speed_av,NOx,HC,CO,PM,PN,NO,veh_group
20939,-0.07692307692307693,0.36033658416702,0.019759301389058178,0.07512648602179343,0.005563277839436457,2140862404234.4133,0.330947235628439,bus
20940,-0.2307692307692308,0.36033658416702,0.019759301389058178,0.07512648602179343,0.005563277839436457,2140862404234.4133,0.330947235628439,bus
20939,0,0.1091574425016139,0.00964420975657052,0.024133484240129413,0.0036361921304556514,1082465410272.4413,0.09971253785815905,hdv
20940,-0.4285714285714286,0.15282041950225944,0.01350189365919873,0.033786877936181174,0.0050906689826379125,1515451574381.4177,0.13959755300142268,hdv
20939,-0.0823169291689992,0.07341147832998665,0.07691536690038264,0.45542654875289945,0.001466050320143731,1402005642039.4287,0.03275388782760569,car
20940,-0.08594693280605041,0.07347710933471217,0.07583062826183408,0.44923775207114935,0.0014802382412921443,1427082631343.0315,0.032856153336265376,car
