LinkID,link_speed_av,NOx,HC,CO,PM,PN,NO,veh_group
20939,-0.13326805469236877,2.6332288842974543,0.14439489476619438,0.5490012440054135,0.04065472267280488,15644763723251.482,2.4184605680539772,bus
20940,-0.2280484735965729,2.6609470830795328,0.14591484102689115,0.5547802044686284,0.041082667121992295,15809445446654.129,2.443918047717703,bus
20939,-0.2289014292614801,0.7641020975112973,0.06750946829599365,0.16893438968090588,0.02545334491318956,7577257871907.089,0.6979877650071133,hdv
20940,-0.3001886819090162,0.7641020975112973,0.06750946829599365,0.16893438968090588,0.02545334491318956,7577257871907.089,0.6979877650071133,hdv
20939,0.0048222540362954,0.7369691190291106,0.718130546611921,4.263551385671905,0.015304622769204588,15163941516986.01,0.33224464700284906,car
20940,0.030036316230264194,0.7426381740007705,0.7182505341123375,4.265466932207989,0.01548193525675018,15390970108638.172,0.3351430225870959,car
