LinkID,link_speed_av,NOx,HC,CO,PM,PN,NO,veh_group
20939,-0.17352278609024852,1.0532915537189815,0.057757957906477746,0.2196004976021654,0.016261889069121953,6257905489300.593,0.9673842272215909,bus
20940,-0.3381469677656125,1.08100975250106,0.05927790416717453,0.2253794580653803,0.016689833518309372,6422587212703.24,0.9928417068853169,bus
20939,-0.35614952288175883,0.4147982815061328,0.03664799707496798,0.09170724011249176,0.013817530095731476,4113368559035.277,0.3789076438610044,hdv
20940,-0.2105263157894737,0.4147982815061328,0.03664799707496798,0.09170724011249176,0.013817530095731476,4113368559035.277,0.3789076438610044,hdv
20939,0.042983450837696086,0.25598601084496636,0.2469625308761369,1.466830829700644,0.005341281565781757,5314350859484.947,0.11556427598215545,car
20940,0.1329070994724767,0.2610849329469411,0.24646898799192513,1.4651243276536057,0.005507119358341581,5530380475817.538,0.11820955115956833,car
