LinkID,link_speed_av,NOx,HC,CO,PM,PN,NO,veh_group
20939,-0.1673597356097566,1.9957103123096493,0.10943613077016837,0.41608515335147134,0.030812000341494224,11857084084990.598,1.8329385357882775,bus
20940,-0.2862007324009726,2.023428511091728,0.11095607703086514,0.4218641138146862,0.031239944790681644,12021765808393.244,1.8583960154520036,bus
20939,-0.2421485118327602,0.6767761435100061,0.05979410049073723,0.14962760228880234,0.02254439120882504,6711285543689.136,0.618217734720586,hdv
20940,-0.2816109382547438,0.6986076320103289,0.061722942442051336,0.15445429913682823,0.02327162963491617,6927778625743.624,0.6381602422922179,hdv
20939,-0.0425050909639238,0.5088434535419137,0.48973678302368945,2.9089349008439473,0.010634298167508207,10594437935988.912,0.22978651641053402,car
20940,0.037821245656176734,0.5139477466378769,0.48924380123292793,2.907235085967856,0.010800215374094521,10810535498216.107,0.2324345870208808,car
