VehID,LinkID,Time,Vehicle_type,Av_link_speed,acc,dec_coast,avg_VSP,norm_VSP,NOx,HC,CO,PM,PN,NO,veh_group,link_speed_av
NA,20939,NA,NA,NA,NA,NA,NA,NA,0.3236406868599684,0.3051173197247675,1.8140300850053637,0.006808914741522316,6831732807278.041,0.14636290892165532,car,0.5609670864453383
NA,20940,NA,NA,NA,NA,NA,NA,NA,0.3297939074449414,0.3052774867526838,1.8164244953899473,0.0069919140145039945,7063626959095.78,0.14946146359262902,car,0.648164802092532
