"","VehID","LinkID","Time","Vehicle_type","Av_link_speed","acc","dec_coast","avg_VSP","norm_VSP","NOx","HC","CO","PM","PN","NO","veh_group","link_speed_av"
"1",NA,20939,NA,NA,NA,NA,NA,NA,NA,3.50301373829324,3.50301373829324,3.50301373829324,3.50301373829324,23004897737302.1,3.50301373829324,"car",50
"2",NA,20940,NA,NA,NA,NA,NA,NA,NA,10.8976675512911,10.8976675512911,10.8976675512911,10.8976675512911,10008173033750.8,10.8976675512911,"car",50
"3",NA,20941,NA,NA,NA,NA,NA,NA,NA,13.8163581849254,13.1232816703,13.841291715003,13.008985363987,10077674235374,13.1930977526199,"car",50
"4",NA,20942,NA,NA,NA,NA,NA,NA,NA,18.2300834572169,18.2797218588187,18.9088618912827,18.0203874810465,22865895334055.6,18.4381321421514,"car",50
"5",NA,20943,NA,NA,NA,NA,NA,NA,NA,20.8163581849254,20.1224314518842,16.8354897031754,20.0089233959596,10008173033750.8,20.1917660439812,"car",50
"6",NA,20944,NA,NA,NA,NA,NA,NA,NA,23.8163581849254,23.1224314518842,23.8354897031754,23.0089233959596,10008173033750.8,23.1917660439812,"car",50
