VehID,LinkID,Time,Vehicle_type,Av_link_speed,acc,dec_coast,avg_VSP,norm_VSP,NOx,HC,CO,PM,PN,NO,veh_group,link_speed_av
NA,20939,NA,NA,NA,NA,NA,NA,NA,0.6569690636595968,0.5819002112342178,3.4691222038567275,0.0142208277005106,14605212557504.367,0.2997345139505375,car,0.7324863835702836
NA,20937,NA,NA,NA,NA,NA,NA,NA,0.6605009646999271,0.5822887921500357,3.4724715328403106,0.014309812935077434,14711948699022.83,0.3014692711155468,car,0.7765907411018812
NA,6310_634,NA,NA,NA,NA,NA,NA,NA,0.6569690636595968,0.5819002112342178,3.4691222038567275,0.0142208277005106,14605212557504.367,0.2997345139505375,car,0.7324863835702836
NA,20936,NA,NA,NA,NA,NA,NA,NA,0.8605009646999271,0.8822887921500357,5.4724715328403106,0.414309812935077434,14711948699022.83,1.3014692711155468,car,1.7765907411018812
NA,20943,NA,NA,NA,NA,NA,NA,NA,0.8569690636595968,0.8819002112342178,5.4691222038567275,0.4142208277005106,14605212557504.367,1.2997345139505375,car,1.7324863835702836
NA,20944,NA,NA,NA,NA,NA,NA,NA,0.8605009646999271,0.8822887921500357,5.4724715328403106,0.414309812935077434,14711948699022.83,1.3014692711155468,car,1.7765907411018812
